"","X.x","CountryID","LandscapeID","FieldID","PlotID","VineVariety","Organic","InterRowManagement","CoverCropType","TillageFreq","MowingFreq","SprayingFreq","SprayingFreq_Herbicide","SprayingFreq_Fungicide","SprayingFreq_Insecticide","QuantityAI_kgAIha","QuantityHerbicide","QuantityFungicide","QuantityInsecticide","NoAI","NoAI_Herbicide","NoAI_Fungicide","NoAI_Insecticide","X.y","Crops","Grasslands","Forests","Vineyards","GrassStrips","HedgeRows","SoftPaths","Artificial","Water","Others","SemiNatural","SemiNatural_Wstrips","Agriculture","Dist.snh","Dist.snh_Wstrips","MPS_Crops","MPS_Grasslands","MPS_Forests","MPS_Vineyards","MPS_GrassStrips","MPS_HedgeRows","MPS_SoftPaths","MPS_Artificial","MPS_Water","MPS_Others","MPS_SemiNatural","MPS_Agriculture","MPS_Landscape","SDPS_Landscape","CVPS_Landscape","SDPS_Crops","SDPS_Grasslands","SDPS_Forests","SDPS_Vineyards","SDPS_GrassStrips","SDPS_HedgeRows","SDPS_SoftPaths","SDPS_Artificial","SDPS_Water","SDPS_Others","SDPS_SemiNatural","SDPS_Agriculture","Edge","Dist.forest","Dist.water","Dist.natgrassld","Dist.softpath","Dist.hedgerow","Dist.grassstrip","Total","BirdRichness","BirdAbundance","BirdN","ButtRichness","ButtAbundance","ButtN","EwormAbundance","EwormRichness","EwormN","MicrobeN","MicrobeRichness","MicrobeAbundance","PlantRichness","PlantCover","PlantN","BeeRichness","BeeAbundance","SyrphidRichness","SyrphidAbundance","SpiderRichness","SpiderAbundance","SpiderN","CarabN","CarabRichness","CarabAbundance","CollemboAbundance","CollemboRichness","SpiderFoliageRichness","SpiderFoliageAbundance","SpiderFoliageN","ColeopteraFoliageRichness","ColeopteraFoliageAbundance","ColeopteraFoliageN","HemipteraFoliageRichness","HemipteraFoliageAbundance","HemipteraFoliageN","HeteropteraFoliageRichness","HeteropteraFoliageAbundance","HeteropteraFoliageN","MB_MeanScMax","MB_MeanZscore","MB_Thresh70","MB_N","MA_MeanScMax","MA_MeanZscore","MA_Thresh70","MA_N","DateSurvey","PlotArea_ha","YieldTarget_hlperha","YieldRealised_hlperha","YieldMean5years_hlperha","Ntester","Date","PhenologicalStage","SoilC","SoilN","SoilCNSampleSize","DecompokRate","DecompoSfactor","DecompokSampleSize","DecompoGTPercentMassRemaining","DecompoGTSampleSize","DecompoGTComment","DecompoRPercentMassRemaining","DecompoRSampleSize","DecompoRComment","SoilPhosphatase","SoilGlucosidase","SoilUrease","PredRateEggs","PredRateEggsSampleSize","PredRatePupae","PredRatePupaeSampleSize","PredRatePlasticine","PredRatePlasticineSampleSize","PathogenDamage","PathogenDamage_Leave","PathogenDamage_Grape","PathogenLackOf","PathogenLackOf_Leave","PathogenLackOf_Grape","PathogenSampleSize_Leave","PathogenSampleSize_Grape","PestDamage","PestLackOf","PestSampleSize","EMF_Production","EMF_Soil","EMF_Regulation","EMF_N","EMF_MeanScMax","EMF_MeanZscore","EMF_Thresh70"
"1",1,FALSE,1,"01B","01B","Sauvignon blanc","Organic","intermediate","spontaneous vegetation",6,3,11,0,11,3,38.681225,0,38.59748,0.083745,5,0,4,1,1,5.0442448832479,24.2414090948449,8.94811526815894,42.0296838604729,5.1035482424457,0.70487119538353,0.123660653411165,5.85598730382554,0,5.87471152233709,29.842723856753,34.9462720991987,57.0003119676922,139.386503568415,77.8686912923005,13094.3913407009,13687.5720813237,17421.357278683,7865.66259666387,1589.80048255788,322.902383541113,481.517360880971,3257.48556242749,0,45750.6168719204,10757.5826545957,20621.8290242744,10844.0595253819,13185.205545307,1.2158920295896,5883.44866877467,11223.0422452458,19761.0228749202,5727.42987684662,1022.8108354929,270.303203946072,0,2289.03388202905,0,0,13792.2914082396,5033.10622045671,0.0387273272619841,139.386503568415,10142.6581660777,181.909226399973,188.356916705549,198.268960583263,77.8686912923005,778772.143925117,11,7,2,2,2,4,6,3,3,4,1933.5,27199.25,23,85,8,3,14.6666666666667,1,0.666666666666667,12,63.5,4,8,4,1.125,5,4,3,33,2,5,3,2,2,1.5,2,0,0,2,0.411913969745574,-0.428850124881493,0.0714285714285714,14,0.307040577814823,-0.185574047540693,0.142857142857143,14,"2020-02-06",0.3869,60,57,47.4,31.7779,"2019.07.31",33,1.5825,0.1626175,4,0.0174723343487724,0.293884603061331,12,40.5450835777641,12,"No issue/No issue/No issue/No issue/No issue/No issue/Roots/No issue/Open/Roots/Open/Roots",70.7312603930816,12,"No issue/No issue/No issue/No issue/No issue/No issue/No issue/No issue/Open/No issue/Open/No issue",417.295049249993,246.220219007251,24.2466047181503,32.5708296008086,20,70.5263157894737,17,10,4,0.06,0.0833333333333333,0.025,0.94,0.916666666666667,0.975,300,200,0,1,100,0.778553563080211,0.486422404099961,0.733483347319041,14,0.752788102679209,0.343216487635192,0.666666666666667
"2",2,FALSE,1,"01C","01C","Merlot","Conventional","intermediate","spontaneous vegetation",5,10,17,4,10,3,22.41359974,2.78532974,19.56462,0.06365,24,3,18,3,2,2.13915774282692,40.0395082652284,9.52804595048508,29.9559778101927,3.78701803453546,0.911497039315239,0.0816706414311501,7.61815534290538,0,3.47681695730873,32.2313349886842,36.0183530232197,53.8196687766728,37.7584003927436,37.7584003927436,8338.1727416811,32958.7903955606,14855.6586427012,6967.70306939518,1341.93897123136,373.989779896789,318.342075735331,3775.7094002404,0,27104.4063753197,10744.6687006459,28384.406748273,13426.5090509939,20186.02850823,1.50344579008315,2808.77994785324,23406.2632314933,13749.5881823353,5075.55190751577,1082.90607248327,245.551595727575,0,3464.84989390376,0,0,13044.895081768,19889.8378818739,0.0346663920126798,139.152183904427,9994.98641925237,44.0760335015698,351.093403295683,37.7584003927436,47.405176466907,779575.304312257,8,8,2,4,3.5,4,32.6666666666667,3,3,4,1989.5,25710.5,39,98.375,8,4,20,1,0.666666666666667,11,5.5,4,8,5,1.75,2,1,5,7,2,3,2.5,2,2,2,2,0,0,2,0.431811910100445,-0.261088894426579,0.0714285714285714,14,0.312573331298296,-0.140586217740034,0.142857142857143,14,"2020-03-09",0.23,54,56,43.2,37.351,"2019.07.31",33,1.4675,0.15897,4,0.0140239085981255,0.309038683543308,9,41.8210571543465,11,"No issue/No issue/No issue/No issue/No issue/No issue/No issue/No issue/No issue/No issue/No issue",71.3686334958466,11,"No issue/No issue/No issue/No issue/No issue/No issue/No issue/Open/Roots/No issue/Roots",515.706114819029,161.416228788558,31.3355021148499,36.7480471715902,20,46.6666666666667,12,10,4,0.006,0.00333333333333333,0.01,0.994,0.996666666666667,0.99,300,200,0,1,100,0.836547452080411,0.458936388258228,0.68981918435299,14,0.743457539737922,0.268924631631819,0.666666666666667
"3",3,FALSE,2,"02B","02B","Merlot","Organic","intermediate","spontaneous vegetation",6,3,11,0,11,3,38.681225,0,38.59748,0.083745,5,0,4,1,3,14.7467595752233,0.0885672792872119,24.0916685603243,47.7525918488335,6.58175569344341,0.445493181077751,0.443500588031433,4.85882136368341,0,0,24.6257290206893,31.2074847141327,62.4993514240568,27.9472277354674,24.9816815802095,28793.6823051715,691.725687781349,62720.0253442313,8564.69834165628,2056.18576995774,217.461149000912,577.302648254981,4487.3607683097,0,0,21209.7373936712,18679.1903234139,11770.6142038073,21204.6751096004,1.80149266150798,27372.2212393596,0,88671.8278709538,7055.98538353517,1720.41483816316,54.6381773436406,589.429505953776,3813.59008908068,0,0,62713.6480268224,19987.8141039623,0.0346514896660079,134.974042182817,10881.3135000453,464.603064414613,197.06566780047,27.9472277354674,24.9816815802095,781017.203360368,10,9.5,2,6,1.75,4,7.33333333333333,1,3,4,1703.5,22536.75,35,82.5,8,5,35,3,2,10,5.25,4,8,7,3.625,17,8,4,21.5,2,4,4.5,2,3,5,2,4,3.5,2,0.565755534265913,0.330181401076583,0.357142857142857,14,0.356029726643389,0.0421018449486408,0.0714285714285714,14,"2020-02-06",0.23,50,47,39.8,37.778,"2019.08.02",33,2.1375,0.2063,4,0.0120886011184395,0.314051971272088,10,42.2431759811098,11,"No issue/No issue/No issue/No issue/No issue/No issue/No issue/No issue/Roots/Roots/Roots",73.1619592483813,12,"No issue/No issue/No issue/No issue/No issue/No issue/No issue/No issue/No issue/No issue/No issue/No issue",1252.46063760778,180.896697251072,54.2831864419954,44.2311294989387,19,46.6666666666667,11,10,4,0.04,0.06,0.01,0.96,0.94,0.99,300,200,0,1,100,0.777252387631069,0.604928965607068,0.702648409055168,14,0.797989595531398,0.590097472785152,1
"4",4,FALSE,2,"02C","02C","Merlot","Conventional","intermediate","spontaneous vegetation",7,5,10,1,9,2,18.00465,0.2475,17.73215,0.025,25,3,21,1,4,9.88654849041513,0.430638323042935,30.3693030021309,47.2593894184967,6.70219061469022,0.389233221506898,0.454778230307266,4.16133926369682,0,0,31.1891745466807,37.8913651613709,57.1459379089118,21.0500356161946,16.9099569565667,25801.9068208896,3371.63871560339,237773.352460473,8077.88296455084,2098.96464357077,190.466356686287,593.439941852974,3831.81568181746,0,0,80445.1525109209,16939.8948927202,31061.017373829,77943.5904876281,2.50937017128425,19011.4058506669,0,0,7221.2048603527,1569.27150443324,58.3926203457827,576.715462324104,4747.35094394803,0,0,1672.90868765175,14380.1834490029,0.0338460215758008,103.595903339322,10970.2474784676,458.61971324691,298.576300959925,21.0500356161946,16.9099569565667,782939.77456048,12,9.5,2,2,0.5,4,4.33333333333333,3,3,4,720.75,17715.75,28,66.875,8,4,54.3333333333333,1,0.333333333333333,9,6.5,4,8,5,3.25,2,2,3,12.5,2,5,6.5,2,1,1.5,2,0,0,2,0.37302457133731,-0.588295674638279,0.0714285714285714,14,0.259479922922958,-0.442578691819888,0.0714285714285714,14,"2020-03-11",1.127,54,54,49.7,42.6959,"2019.07.31",33,2.0375,0.152145,4,0.0140478574974028,0.30162940207726,9,41.1971956549053,12,"No issue/No issue/No issue/No issue/No issue/No issue/No issue/No issue/No issue/No issue/No issue/No issue",66.1537736690354,11,"No issue/No issue/No issue/No issue/No issue/No issue/No issue/No issue/No issue/No issue/No issue",209.690809588786,150.313171986923,60.0635432402513,38.9280700881643,20,50,14,10,4,0.016,0.0166666666666667,0.015,0.984,0.983333333333333,0.985,300,200,0,1,100,0.884731349762907,0.456695620187517,0.702677489798318,14,0.763022784164007,0.465314984243332,0.666666666666667
"5",5,FALSE,3,"03B","03B","Merlot","Organic","intermediate","spontaneous vegetation",6,3,11,0,11,3,38.681225,0,38.59748,0.083745,5,0,4,1,5,0,7.86110820085373,10.8833547587947,61.0533168744334,8.28373960918048,0.675197968658941,0.654849590292142,8.01424121795884,0,0,19.4196609283074,27.7034005374879,61.0533168744334,224.223297913211,99.4526918950574,0,7668.6494839334,42467.61689169,11731.9037057578,3078.4509963006,277.333687853963,511.053845777363,6854.40619107165,0,0,16804.5333544925,11731.9037057578,9722.45221611495,13930.6744924167,1.43283548046928,0,4904.3818860446,57084.091783473,14711.2421646101,3033.92897616221,76.0693341513579,220.679108520635,15973.6292206312,0,0,33125.5475792379,14711.2421646101,0.0320416853918683,224.223297913211,10762.615767994,232.84261259306,158.638814566505,228.253675345227,99.4526918950574,780414.087988314,10,9,2,2,1,4,16,2,3,4,543.75,32419.5,27,96,8,3,20.6666666666667,3,1,12,12.25,4,8,1,0.375,1,1,6,37,2,6,8.5,2,3,9.5,2,1,1,2,0.408013949243594,-0.413652808508832,0.142857142857143,14,0.337407363024359,-0.00361255916600482,0.142857142857143,14,"2020-02-06",0.2804,50,47,39.8,36.1171,"2019.08.01",33,2.4225,0.21683,4,0.0163606650477096,0.254188673880458,11,37.2026863407346,12,"No issue/No issue/No issue/No issue/No issue/No issue/Open/No issue/Open/Open/No issue/Roots",69.668962668321,11,"No issue/No issue/No issue/No issue/No issue/No issue/No issue/No issue/No issue/No issue/No issue",406.112946707836,376.497915122101,144.332306340373,46.1930812997308,19,19,6,5,4,0.026,0.00333333333333333,0.06,0.974,0.996666666666667,0.94,300,200,0,1,100,0.757840279169171,0.673062411608964,0.60140134858146,14,0.788044870990952,0.344115181135012,0.666666666666667
"6",6,FALSE,3,"03C","03C","Merlot","Conventional","intermediate","spontaneous vegetation",4,7,15,3,10,3,22.45442634,3.286383139,19.0445932,0.12345,21,2,16,3,6,0,0.783414801783664,8.00175065762444,70.5001741044927,11.5852721614897,0.307567485078458,0.836400049788205,6.34470711385936,0,0,9.09273294448656,20.6780051059763,70.5001741044927,160.059598649155,27.8649002112243,0,2040.95894289079,62538.6877792384,9096.63123379211,3482.54424632855,240.383232912155,726.332188074969,4010.34864072186,0,0,21606.6766516804,9096.63123379211,10257.896815795,21313.0821861318,2.07772436873356,0,1945.3484816534,0,12217.3248751842,3490.45896135962,204.196162906528,495.863325455764,2308.11229110886,0,0,2850.89994444602,12217.3248751842,0.0390453316589046,231.132581457459,10789.1938086383,344.853631977233,39.8467720606332,160.059598649155,27.8649002112243,781562.566182298,9,10.5,2,3,1.5,4,10,1,3,4,933.75,23267.25,26,68.125,8,4,10,1,0.666666666666667,8,3.5,4,8,5,2,0,0,4,22.5,2,2,1.5,2,2,2.5,2,4,2.5,2,0.361686305909597,-0.637454774450155,0,14,0.23813535037068,-0.497022508339394,0,14,"2020-02-06",0.25,54,54,58.8,35.277,"2019.07.31",33,1.335,0.12931,4,0.0133345326982481,0.27868078060022,11,39.2649217265386,12,"No issue/No issue/No issue/No issue/No issue/No issue/No issue/No issue/No issue/No issue/No issue/Open",73.9675912284075,11,"No issue/No issue/No issue/No issue/No issue/No issue/No issue/No issue/No issue/No issue/No issue",280.171451591582,128.001510350355,51.394600366686,37.2750681813742,20,37.8947368421053,11,5,4,0.01,0.0166666666666667,0,0.99,0.983333333333333,1,300,200,0.05,0.95,100,0.798021438589461,0.406974539060262,0.623016238934419,14,0.682031376269252,-0.279474346471462,0.333333333333333
"7",7,FALSE,4,"04B","04B","Malbec","Organic","intermediate","spontaneous vegetation",6,3,11,0,11,3,38.681225,0,38.59748,0.083745,5,0,4,1,7,0,0.686973664988598,5.67585607362069,75.4368946402893,9.10347711272641,0.249675671974998,0.51346660379468,7.27830541595708,0,0.758051988571728,6.61250541058429,15.7159825233107,76.194946628861,242.75796063639,29.4681916611084,0,2670.56066616195,44128.9637420364,9465.51864099291,2022.23496570748,194.119240039587,499.016114214726,5787.93857870454,0,2946.87253203383,15664.547882746,6206.19558651337,7109.93113667205,14161.8121385303,1.99183534499872,0,3720.61631312986,0,7622.15204367173,1580.34634636575,72.9090572500797,446.304455490741,4433.34915530188,0,1424.70952821645,2876.19398873056,5483.01919642089,0.040778698601886,242.75796063639,11127.2806613706,285.146320812112,217.553525630581,318.923463174307,29.4681916611084,777485.601636935,9,5.5,2,2,1,4,9,4,3,4,1261,23124.75,25,97,8,4,21.3333333333333,2,2,9,7.25,4,6,2,1,5,3,6,17.5,2,4,2.5,2,2,3.5,2,3,3.5,2,0.439230507696196,-0.294869339207026,0.0714285714285714,14,0.278940420690972,-0.326024536908616,0.0714285714285714,14,"2020-02-06",1.127,50,47,43,31.1172,"2019.08.02",33,1.685,0.154735,4,0.00976484364701556,0.255462557139337,11,37.3099473111322,11,"No issue/No issue/No issue/No issue/No issue/No issue/No issue/Roots/Roots/Roots/No issue",75.4827728893284,12,"No issue/No issue/No issue/No issue/No issue/No issue/No issue/No issue/Open/No issue/No issue/No issue",449.656939261525,349.685038221501,58.620146410454,41.7644452833053,20,28,11,10,4,0.046,0.0466666666666667,0.045,0.954,0.953333333333333,0.955,300,200,0.01,0.99,100,0.699402925265478,0.489992151260735,0.641795138140298,14,0.695492252090152,-0.25748408253065,0.333333333333333
"8",8,FALSE,4,"04C","04C","Merlot","Conventional","non-tilled","spontaneous vegetation",0,2,12,2,10,3,19.530905,0.6205,18.844405,0.066,24,4,18,2,8,0,1.07216166153355,2.51184482691553,79.1429462732246,8.86747236928701,0.270830062390671,0.494308499972704,7.17659668307898,0,0.127841483990861,3.85483655083975,12.7223089201268,79.2707877572155,179.137491432374,41.8891965171254,0,4159.43736328115,19489.3393387953,10599.2508224522,2023.60264116929,210.136348094419,767.065384835005,5689.11333668232,0,991.918782711029,7952.97101672362,5795.58480258161,4455.62282119288,6503.86350971223,1.45969795261327,0,1615.02669536264,0,9027.56470730801,1608.60393054575,109.241378157542,505.262416775184,4305.44462091558,0,0,1652.74644465031,9027.56470730801,0.0406237874887235,340.680258756187,11219.5417978354,179.137491432374,194.05505474,288.874536792182,41.8891965171254,775897.425269202,9,9.5,2,4,2.25,4,40.6666666666667,4,3,4,1526,21344.75,28,96.75,8,3,5.66666666666667,3,1,6,2.75,4,8,1,0.25,18,5,6,19,2,0,0,2,2,2.5,2,1,0.5,2,0.430439082688597,-0.347149198946354,0.142857142857143,14,0.316698776569259,-0.143174057767103,0.142857142857143,14,"2020-03-03",1.15,NA,54,NA,35.6705,"2019.08.02",33,1.14275,0.105145,4,0.0132874411563213,0.279883700205839,10,39.3662075573316,12,"No issue/No issue/No issue/No issue/No issue/No issue/No issue/No issue/No issue/No issue/No issue/No issue",73.400695416905,10,"No issue/No issue/No issue/No issue/No issue/No issue/No issue/No issue/No issue/No issue",755.89658742565,123.807141122202,33.9397947214519,29.3678205787613,20,50,14,10,4,0.014,0.0233333333333333,0,0.986,0.976666666666667,1,300,200,0,1,100,0.802620550323916,0.423970391469483,0.677999550304973,14,0.711242360787825,0.00492882758365747,0.666666666666667
"9",9,FALSE,5,"05B","05B","Merlot","Organic","intermediate","spontaneous vegetation",4,6,12,0,11,1,25.78378,0,25.76518,0.0186,4,0,3,1,9,0,3.08522633587622,25.008693065631,56.864918176637,8.10266167860699,0.149737786487561,0.0639603357931246,5.97245600059574,0,0.600585539109029,28.2436571879948,36.3463188666018,57.465503715746,166.568992680496,15.7298126111493,0,11998.9144616909,32420.8703268407,7548.38966219905,3939.06045332387,194.117675242014,248.7514738217,3420.47270842279,0,4671.53701295704,14871.3008212579,6109.96333757804,6982.90675087549,10325.0774816017,1.47862170439369,0,10008.0863914773,39644.9570367697,6598.14165969054,4416.63161980112,84.8904810572336,0,4370.30744343761,0,0,23744.4607780804,6598.14165969054,0.0424231427973466,166.568992680496,9611.17234049049,184.575480018211,470.048755788116,349.283115296379,15.7298126111493,777830.418609026,6,7.5,2,4,2.75,4,18.3333333333333,3,3,4,1730.5,20895.75,37,86.125,8,7,10,1,0.333333333333333,15,37.25,4,6,3,3.83333333333333,20,11,5,24.5,2,9,11,2,3,2.5,2,2,1,2,0.575149510688093,0.414421416339897,0.285714285714286,14,0.373701236911677,0.0866973501644347,0.0714285714285714,14,"2019-12-05",0.8,45,50,37,36.321,"2019.07.31",33,1.8325,0.166105,4,0.0140419215748566,0.258988501085373,11,37.6068317913884,12,"No issue/No issue/No issue/No issue/No issue/No issue/No issue/No issue/No issue/No issue/No issue/No issue",71.1551147705739,11,"No issue/No issue/No issue/No issue/No issue/No issue/No issue/No issue/No issue/No issue/No issue",704.460318769767,249.222014976037,6.52336842337422,43.928298464428,20,24.2105263157895,9,0,4,0.016,0.0133333333333333,0.02,0.984,0.986666666666667,0.98,300,200,0,1,100,0.781651973552394,0.477123259214006,0.578414084020303,14,0.69421445809625,-0.286522207436055,0.333333333333333
"10",10,FALSE,5,"05C","05C","Merlot","Conventional","non-tilled","spontaneous vegetation",0,5,10,3,7,2,20.40259,1.9075,18.15159,0.3435,19,3,14,2,10,0,3.08979148025658,15.0852416804443,64.0112517879388,9.37907118550511,0.150713606433184,0.131688972823153,8.02886559678721,0,0,18.3257467671341,27.7048179526392,64.0112517879388,48.8520451802114,19.1854555104669,0,11998.9144616909,16737.7475807207,7908.42808869086,4552.84254633749,146.320527077653,511.401733919512,3897.41800279443,0,0,9627.66085649642,7908.42808869086,5450.79269534493,6231.69326681435,1.14326367101363,0,10008.0863914773,20759.1954135668,6619.91175602398,4510.75015968102,48.577320398381,0,4302.30987637842,0,0,13557.96462351,6619.91175602398,0.0437729444277077,151.220753615537,9588.37148711056,48.8520451802114,357.317823028679,350.127486339047,19.1854555104669,776681.17983771,8,6,2,4,2.5,4,13.6666666666667,3,3,4,2028.25,24547.5,33,91.5,8,3,13,3,1.66666666666667,9,13.25,4,7,6,1.57142857142857,16,8,3,16,2,5,5,2,2,3,2,0,0,2,0.493225577744779,-0.0664434607138212,0.285714285714286,14,0.313401377552527,-0.159581630705894,0.0714285714285714,14,"2020-02-10",4.8623,65,54,65,34.429,"2019.07.31",33,0.998,0.10897,4,0.0166524254578393,0.269590187531194,12,38.4994937901265,12,"No issue/No issue/No issue/No issue/No issue/No issue/No issue/No issue/Roots/No issue/No issue/No issue",69.4140975294895,12,"No issue/No issue/No issue/No issue/No issue/No issue/No issue/No issue/No issue/No issue/No issue/No issue",731.83266442922,68.3690106916587,10.1922007312386,26.4836199302644,20,23.3333333333333,6,10,4,0.004,0,0.01,0.996,1,0.99,300,200,0,1,100,0.788110265143926,0.398259313615402,0.599315588555078,14,0.66613350702549,-0.431578753625788,0.333333333333333
"11",11,FALSE,6,"06B","06B","Sauvignon blanc","Organic","intermediate","spontaneous vegetation",5,2,13,0,10,3,34.6337,0,34.55,0.0837,3,0,2,1,11,0,5.51352964159923,17.6647898345156,67.637619673809,8.61222062111418,0.0321492016820703,0.0979211773762086,0.441769849903688,0,0,23.2104686777969,31.8226892989111,67.637619673809,107.431054405405,17.3115735329034,0,5302.18168926543,19456.7814826661,11190.5650392735,2766.71529901917,247.873877063394,251.661011916508,1135.36469270413,0,0,7577.25468456509,11190.5650392735,5706.66559764671,6639.30617010143,1.16343003747045,0,4052.93980905727,29235.3640999777,10122.7363936481,3181.43337289621,0,210.382281907491,780.817880075542,0,0,17298.6024027055,10122.7363936481,0.0369916402887344,145.037109233685,876.656306663203,107.431054405405,217.99946266771,250.266644634201,17.3115735329034,771010.986570263,9,11.5,2,4,2.25,4,6.33333333333333,3,3,4,1931.75,22886.5,39,82.125,8,4,15,2,1.33333333333333,15,18,4,8,9,3.25,40,10,9,29,2,5,6,2,3,5.5,2,3,2,2,0.623921358326416,0.609231171458768,0.285714285714286,14,0.391882861167875,0.209067330098994,0.142857142857143,14,"2019-03-03",0.336,67,65,55.2,32.926,"2019.08.02",33,0.873,0.101325,4,0.0116182679322867,0.418774209666722,8,51.060788453938,9,"No issue/No issue/No issue/No issue/No issue/No issue/No issue/No issue/Roots",74.6946925428385,11,"No issue/No issue/No issue/No issue/No issue/No issue/No issue/No issue/No issue/No issue/No issue",407.807659828618,128.23162305963,1.40476567433715,44.0982093464236,20,30,13,10,4,0.024,0.04,0,0.976,0.96,1,300,200,0,1,100,0.849115073799506,0.381424747174475,0.659800815229215,14,0.699944597000907,-0.0529245299069297,0.666666666666667
"12",12,FALSE,6,"06C","06C","Merlot","Conventional","non-tilled","spontaneous vegetation",0,4,10,1,7,3,14.686828,0.286235,14.327493,0.0731,19,2,15,2,12,0,6.03356980421674,17.208955886037,67.4957253456721,8.70178793062438,0.0321055324001189,0.0977881679302465,0.430067333119381,0,0,23.2746312226539,31.9764191532782,67.4957253456721,92.3346616622043,41.9211799520879,0,5844.12265856693,18980.4875928892,10710.178932243,2920.9999031863,247.873877063394,251.661011916508,1106.7921869879,0,0,7729.15169677162,10710.178932243,5738.27985267752,6465.59383894127,1.12674773711575,0,5765.65985997518,25367.392990967,10308.6684872463,3271.42472689153,0,210.382281907491,774.391166530334,0,0,15499.8577934152,10308.6684872463,0.0372093461128823,151.912956556805,916.174215153844,92.3346616622043,271.569270131647,258.976939467138,41.9211799520879,772059.699787056,9,9,2,3,1.5,4,5,3,3,4,1883.75,22852,34,91,8,5,28.3333333333333,4,2.66666666666667,16,17,4,7,7,6.57142857142857,4,3,7,38,2,5,7,2,2,2,2,5,4.5,2,0.591749371175373,0.445523196867615,0.285714285714286,14,0.388172802620432,0.181175726688136,0.142857142857143,14,"2020-03-03",0.91,60,65,61,37.803,"2019.08.02",33,1.24,0.1168,4,0.0144619724339358,0.335506513133277,7,44.0496484058219,7,"No issue/No issue/No issue/No issue/No issue/No issue/No issue",74.8470495961917,11,"No issue/No issue/No issue/No issue/No issue/No issue/No issue/No issue/No issue/No issue/No issue",585.633692022948,155.209253444405,4.04962234572248,34.9126040810653,19,23.1578947368421,7,5,4,0.024,0.0333333333333333,0.01,0.976,0.966666666666667,0.99,300,200,0,1,100,0.906116008815869,0.419541710388924,0.583611678109143,14,0.710047717978665,-0.0522440416317895,0.333333333333333
"13",13,FALSE,7,"07B","07B","Sauvignon blanc","Organic","intermediate","spontaneous vegetation",2,3,15,0,14,3,21.100452,0,21,0.100452,4,0,2,2,13,3.19326742797823,18.6360774904877,3.97227147294243,40.9784382037914,9.45702182763056,0.40809264743761,0.136024035672713,17.2436462456175,0.0908551227723994,1.92850385515554,23.0164416108677,32.4734634384983,46.1002094869252,22.1163194305942,21.4177309510312,11580.2543115299,9512.91239481439,7438.43040411895,6049.32011103542,4427.27789214743,382.094826231594,339.622750536528,6098.04524333619,340.268540155725,14445.177585029,6711.58750499483,10691.5840025314,6272.77789765324,6570.75733893032,1.04750358551489,630.453322609298,7274.25796680102,5302.62224885235,6741.53735906377,5638.24383602668,309.224673920604,99.4907374733102,10125.2504073096,326.883993573702,0,6441.07183733251,4787.78640687122,0.0436411031915535,73.2375930079938,160.638446840726,22.1163194305942,190.299497784879,92.6733087880023,21.4177309510312,749035.452867373,11,7,2,1,0.25,4,0.333333333333333,1,3,4,1673,22642.25,46,70.625,8,2,56,2,1.66666666666667,20,25.25,4,8,2,0.75,21,8,4,34.5,2,3,2,2,2,2.5,2,3,1.5,2,0.476277388748087,-0.0471088612543694,0.285714285714286,14,0.315777463579544,-0.15662782542046,0.142857142857143,14,"2020-03-10",0.98,65,63,48.6,35.61655,"2019.07.31",33,2.5825,0.201225,4,0.0204299876694691,0.358334001825932,11,45.9717229537435,12,"No issue/No issue/No issue/No issue/No issue/No issue/Roots/No issue/Roots/No issue/No issue/No issue",70.5341118722915,12,"No issue/No issue/No issue/No issue/No issue/No issue/No issue/No issue/No issue/No issue/No issue/No issue",256.585548845508,499.184482756585,94.7705830107039,45.3867292008116,20,22,9,10,4,0.07,0.07,0.07,0.93,0.93,0.93,300,200,0.07,0.93,100,0.866275712949977,0.69786283104674,0.61804530830472,14,0.841956869146151,0.831470565324887,0.666666666666667
"14",14,FALSE,7,"07C","07C","Sauvignon blanc","Conventional","intermediate","spontaneous vegetation",2,7,13,1,10,2,26.07044997,1.08214997,24.9733,0.015,18,2,15,1,14,3.41932150991066,14.3984413606599,4.86543179822564,40.6234792236821,9.7923653366421,0.452421839460745,0.0527621457627421,14.9604564675733,0.0905469876385916,2.33037504111261,19.7162949983463,29.5086603349884,46.3731757747054,14.4522922418117,10.2260799745901,12025.3502294725,6944.84636147081,9141.9572223509,6034.36633198917,4906.52635302852,377.814688907597,396.552083782852,5784.96954032619,340.268540155725,17514.7364685331,5852.36615855003,11858.1510099983,6610.47679969713,6812.09888185382,1.03050038420314,1889.37469003191,3864.82457260791,6559.92403097585,5834.93378030706,7117.80901364956,279.461209563618,0,8444.58606063322,326.883993573702,0,5562.24995199646,4336.83000242698,0.0439954199616194,182.497239036741,245.175942312635,14.4522922418117,314.278851065417,140.191484677002,10.2260799745901,751584.451409625,9,9,2,4,1.5,4,17,4,3,4,2011.25,23116,26,96.625,8,6,68,1,1,14,20,4,7,5,1.57142857142857,NA,NA,7,88,2,7,17.5,2,2,5,2,4,9.5,2,0.565234144287476,0.322806661255055,0.153846153846154,13,0.529576235608924,0.797251278831273,0.307692307692308,13,NA,0.25,68,68,68,38.804,"2019.08.02",33,1.23375,0.1654375,4,0.0178699648386394,0.342237000846701,7,44.6163554712922,10,"No issue/No issue/No issue/No issue/No issue/No issue/No issue/Roots/Roots/Roots",67.7208514458376,9,"No issue/No issue/No issue/No issue/No issue/No issue/Open/Open/No issue",611.751754815447,186.847848066001,18.283354778056,30.600865676297,20,21,8,0,4,0.062,0.0133333333333333,0.135,0.938,0.986666666666667,0.865,300,200,0.12,0.88,100,0.939243972483804,0.497919182108575,0.501451213112404,14,0.729299309879791,-0.0242756462195594,0.666666666666667
"15",15,FALSE,8,"08B","08B","Merlot","Organic","intermediate","spontaneous vegetation",3,2,8,0,8,0,26.93635,0,26.93635,0,3,0,3,0,15,0,19.5150406972377,44.3645306030593,21.5822147995681,4.67269008205116,0.159811819941041,0.0338006975386386,8.87138191676312,0,0,62.1527601570876,66.8254502391388,23.4688377627185,126.295953944296,18.9844045524342,0,15659.1851172514,67939.6228078747,7747.38539413045,2385.24482927631,305.918788597686,258.811105426168,5350.76764168809,0,0,28372.6954811931,11096.6053907632,13053.5050949366,21450.5412513671,1.64327826858455,0,20606.6960446936,105154.286846051,6901.61275878381,3486.32468951253,183.132077044203,0,5116.28803263981,0,0,61898.4328320147,6901.61275878381,0.0274171910480025,126.295953944296,660.855882738735,154.240366276722,152.873423836559,155.773722142738,18.9844045524342,765697.527781233,8,7.5,2,4,2.25,4,6.33333333333333,1,3,4,1845.75,17403.75,38,93.375,8,4,15.3333333333333,1,0.333333333333333,12,13.75,4,8,1,2.25,18,9,10,40,2,8,7.5,2,3,9,2,3,6.5,2,0.525867064925331,0.190583897729825,0.214285714285714,14,0.351101322183637,-0.0316455539547784,0.0714285714285714,14,"2020-02-11",1,43,37,25,31.352,"2019.07.30",31,1.16,0.1036025,4,0.0115233314501457,0.318569151662157,10,42.6235225699536,10,"No issue/No issue/Open/No issue/No issue/Roots/No issue/Roots/No issue/Roots",77.5464888662209,12,"No issue/No issue/No issue/No issue/No issue/No issue/No issue/No issue/No issue/No issue/No issue/No issue",387.555580874193,186.097425684332,8.6269359923594,51.5239494143545,20,37.7777777777778,9,5,4,0.108,0.18,0,0.892,0.82,1,300,200,0,1,100,0.630718626861684,0.376337716380151,0.650472454298805,14,0.621397473114214,-0.798298257833404,0
"16",16,FALSE,8,"08C","08C","Merlot","Conventional","intermediate","spontaneous vegetation",6,5,13,2,11,2,31.54263,2.025,29.42838,0.08925,18,1,15,2,16,0.145646072372621,24.1015940647423,36.7037176094366,21.682613092031,4.3198017795557,0.178057898506111,0.0357850835773039,12.0438520361948,0,0,59.124077529752,63.4438793093077,23.6875512073366,124.390704709837,57.6094588439701,1131.60153503157,15863.5243835627,40738.6623826237,7692.12188530749,2237.52198057728,230.571031990616,139.016640983318,5280.4701870125,0,0,19416.818931448,7756.51626924499,9153.04696129153,12625.1162184306,1.3793348020416,0,20893.9527477161,62008.5930254329,6986.46255991533,3554.22752458273,175.759346912329,169.4149563123,6057.82300687241,0,0,37834.3538621075,6986.46255991533,0.0286769166658469,159.749230953142,742.077035119302,124.390704709837,135.982942992012,135.212416932214,57.6094588439701,776953.004360104,11,9,2,2,2.25,4,3.66666666666667,1,3,4,1744,19017.75,40,91.625,8,5,29.3333333333333,1,1.33333333333333,7,12,4,8,6,2.875,19,9,6,32.5,2,7,5,2,1,6,2,4,4.5,2,0.500888517612009,0.0394414450394473,0.285714285714286,14,0.358243040085946,0.02269752447122,0.0714285714285714,14,"2020-02-06",1,70,70,67,42.78,"2019.07.30",33,0.58075,0.0717825,4,0.0118655882087024,0.314679988560079,10,42.2960550367587,12,"No issue/No issue/No issue/No issue/No issue/No issue/No issue/No issue/No issue/No issue/No issue/No issue",72.5182846162981,12,"No issue/No issue/No issue/No issue/No issue/No issue/No issue/No issue/No issue/No issue/No issue/Open",240.474855497442,68.8228623773828,10.9401522564009,37.4087063017782,20,34,11,0,4,0.012,0.0133333333333333,0.01,0.988,0.986666666666667,0.99,300,200,0,1,100,1,0.29632480064848,0.588954340883437,14,0.684388586534128,-0.120623792894392,0.333333333333333
"17",17,FALSE,9,"09B","09B","Merlot","Organic","intermediate","spontaneous vegetation",3,3,16,0,16,0,55.205,0,55.205,0,3,0,3,0,17,0,11.8295928876722,37.4284375129637,33.1418867102449,6.56145981183175,0.0764031048160051,0.177448158080445,4.82027662634568,0.103405607537496,0,49.3344335054519,55.8958933172836,33.1418867102449,53.1303237771438,53.1303237771438,0,8114.6446343997,145135.565115923,9275.91755375288,4240.5420452732,197.511278071053,688.087465389515,4163.70791615928,801.948052515509,0,40390.5914156984,9275.91755375288,18707.7864163477,44701.1277196334,2.38943970840781,0,28535.9633033175,176056.56418066,7200.46392762534,4028.66880738909,29.1762290637717,221.339401449819,4181.19082547745,0,0,102999.182856774,7200.46392762534,0.031988670056888,53.1303237771438,473.789240934141,104.420611239293,113.173480374816,295.527262520404,78.0644131330292,775536.328844365,5,2.5,2,5,3.75,4,10.6666666666667,2,3,4,228.5,30330.25,37,96.625,8,4,13,1,1,9,7.5,4,8,1,0.5,8,4,12,51,2,8,10,2,2,8.5,2,5,6.5,2,0.462703003605823,-0.116286416048111,0.142857142857143,14,0.371843170369378,0.130474013818861,0.142857142857143,14,"2020-02-06",2.83,50,42,39.6,32.543,"2019.07.30",33,5.585,0.161395,4,0.0166395880151992,0.310917666119815,7,41.9792674872884,11,"No issue/No issue/No issue/No issue/No issue/No issue/Roots/Roots/No issue/Roots/Roots",70.1757210123699,8,"No issue/No issue/No issue/No issue/No issue/No issue/No issue/Open",221.278233645773,174.988273134952,1.62290115248594,42.9445665133793,20,68.2352941176471,15,20,4,0,0,0,1,1,1,300,200,0,1,100,0.680352968676952,0.518092297610005,0.833080016876128,14,0.770612422644363,0.523281994313821,0.666666666666667
"18",18,FALSE,9,"09C","09C","Merlot","Conventional","intermediate","spontaneous vegetation",4,6,15,2,12,2,32.95445,1.49205,31.4339,0.0285,22,3,18,1,18,0,10.0214431018411,20.0358181023655,40.8620021747764,10.1991682690757,0.0411077434221037,0.217662147588196,4.55033037538133,0,0,30.0983689476287,40.2975372167044,40.8620021747764,66.073460028683,24.3860649223733,0,25596.5904826249,30705.0766484756,7203.70820097963,8683.51097388198,314.9899859773,555.948758952708,4854.92304654479,0,0,18872.2190390259,7203.70820097963,10503.9837752984,11512.1934093601,1.09598354830218,0,31393.0392858059,41701.2453117525,5348.71592404429,5609.88311992712,0,321.089568773651,4588.65117539001,0,0,37122.0329675082,5348.71592404429,0.0405759980946102,82.8784535333091,528.240680124119,66.073460028683,210.905686781379,439.802790412318,24.3860649223733,766254.626878712,8,7,2,1,0.75,4,9,4,3,4,1060,23747.75,24,69.375,8,2,5,0,0,11,11,4,8,4,1.75,6,6,4,60.5,2,5,7,2,3,10,2,4,2.5,2,0.419804915965064,-0.410058993945304,0.0714285714285714,14,0.288010988388743,-0.292612060413729,0,14,"2020-03-10",0.5,50,50,46,41.754,"2019.07.30",33,3.44,0.125315,4,0.0175887956189444,0.308602463141684,11,41.7843273965298,12,"No issue/No issue/No issue/No issue/No issue/No issue/No issue/No issue/No issue/No issue/No issue/No issue",70.6699979501879,11,"No issue/No issue/No issue/No issue/No issue/No issue/No issue/Open/No issue/No issue/Open",164.806603198712,139.985093023356,1.40476567433715,41.698814798676,20,20,7,0,4,0.002,0,0.005,0.998,1,0.995,300,200,0,1,100,0.845151272290122,0.4333690509419,0.563820829196041,14,0.689290306066657,-0.280049226872946,0.333333333333333
"19",19,FALSE,10,"10B","10B","Merlot","Organic","intermediate","spontaneous vegetation",3,4,12,0,12,0,46.689,0,46.689,0,3,0,3,0,19,0,17.0399586195885,23.7591784930203,43.0944485778022,9.70115391987746,0.0682507633982315,0.0949528291486718,1.19603703482658,2.59805956552673,0,40.8673878760071,50.5685417958845,43.0944485778022,48.0957735904104,23.6034541354095,0,5914.66375255723,22941.1496506502,5284.96373978379,4995.80963037716,175.735703134676,366.734407739263,806.050603240458,20068.8667115528,0,8736.55321472483,5284.96373978379,6927.84198559967,8159.9660167827,1.17785105863329,0,9062.64489471911,34552.9174035998,4861.4982166503,9551.47635153266,167.760027065357,267.693785736773,708.009975774879,0,0,19036.1345206888,4861.4982166503,0.0434687605484575,100.941906994439,165.365289562751,48.0957735904104,44.8561495102691,216.881913988912,23.6034541354095,772455.988994389,9,7.5,2,5,3.75,4,7.33333333333333,3,3,4,2032,23199.75,24,99.625,8,3,9,0,0,18,10,4,8,11,5,18,10,8,32.5,2,6,7.5,2,1,3.5,2,2,1.5,2,0.55024031112385,0.199199395719041,0.285714285714286,14,0.351369580776345,0.00937730582279011,0.0714285714285714,14,"2020-03-02",1,52,45,45,36.3014,"2019.07.31",33,0.51475,0.0685325,4,0.0123523278728517,0.315808468625565,10,42.3910730582725,11,"Roots/No issue/No issue/No issue/No issue/No issue/Open/No issue/No issue/No issue/No issue",75.0708241311983,12,"No issue/No issue/No issue/No issue/No issue/No issue/No issue/Open/No issue/No issue/No issue/No issue",290.792058587772,58.3766369036684,10.2304680142709,43.8308544883476,19,27,14,10,4,0.02,0.0166666666666667,0.025,0.98,0.983333333333333,0.975,300,200,0,1,100,0.745708608829226,0.29830401994684,0.651673697692835,14,0.622882100107006,-0.674062758661089,0.333333333333333
"20",20,FALSE,10,"10C","10C","Merlot","Conventional","non-tilled","spontaneous vegetation",0,6,10,2,7,2,18.50539,1.332,17.14414,0.02925,15,1,12,2,20,0,12.5105213620564,13.5240980231994,55.0632755540522,11.7600726776646,0.09500234448243,0.202798938989442,4.90691181355949,0.0631830079260492,0,26.1296217297382,37.8896944074028,55.0632755540522,104.905062030179,31.8786477518627,0,4830.74315272795,9493.54052578312,5315.23199608839,3948.16008515518,146.715805582795,391.487834685424,1853.32977967928,487.879849571967,0,4825.43565920545,5315.23199608839,3300.05205315662,2985.61110127095,0.904716366038864,0,8108.46075470607,13890.158965191,4402.3149368155,6453.88202051692,63.7637935925833,303.539278140804,1725.79537491134,0,0,9567.90968222673,4402.3149368155,0.0515376965613927,153.069012973559,470.524752691373,104.905062030179,34.3127760617476,198.755021901345,31.8786477518627,772169.394250735,14,21.5,2,3,2.5,4,10.6666666666667,2,3,4,2073,21629,39,64.25,8,3,12.3333333333333,1,1.33333333333333,8,10.25,4,8,10,4.625,12,4,6,19.5,2,9,7,2,1,8,2,4,4,2,0.530476479806803,0.165018085791195,0.285714285714286,14,0.381903026430205,0.183997511074913,0.0714285714285714,14,"2020-03-02",0.3066,54,54,52,36.345,"2019.07.31",33,1.37,0.12857,4,0.0112807691635557,0.286309118070027,12,39.9072277414963,12,"No issue/No issue/No issue/No issue/No issue/No issue/Open/No issue/No issue/No issue/Open/Open",75.4985340219269,12,"No issue/No issue/No issue/No issue/No issue/No issue/No issue/No issue/No issue/No issue/No issue/No issue",500.326082303348,161.485189137584,61.304180002864,41.5294767106917,20,51,14,0,4,0.008,0.0133333333333333,0,0.992,0.986666666666667,1,300,200,0.01,0.99,100,0.810503907032659,0.441571420038168,0.645176630504343,14,0.71060074969024,-0.0439514669139267,0.333333333333333
"21",21,FALSE,11,"11B","11B","Merlot","Organic","intermediate","spontaneous vegetation",3,1,12,0,12,0,15.1222,0,15.1222,0,4,0,4,0,21,0,4.56579336023304,0.713772097993036,68.7924623277309,13.9810824253863,0.211541097717337,0.0117143381473035,9.0235205074485,0.132205003235776,0,4.78939693823524,18.7704793636215,69.4941719454391,55.9941749638584,17.4652870291323,0,3859.05984872789,1854.60540788525,7248.98902701074,5189.60987029699,206.118975993712,91.3126540202647,2907.09393221424,1030.53109517717,0,2042.0285275515,6359.38942343369,2916.01074245064,2375.17128365627,0.814527617844147,0,1548.57272010957,1040.77018848713,5394.17036169825,4243.89288659945,101.343986441523,0,4334.10926821832,0,0,2444.39435038088,5394.17036169825,0.0466176347537312,191.646795323537,401.181938817847,55.9941749638584,454.549527130245,117.761427529952,17.4652870291323,779494.77701635,14,15.5,2,3,1.5,4,6,2,3,4,1767,19287.75,40,85.875,8,5,18.6666666666667,2,0.666666666666667,15,10.5,4,8,5,1,4,3,11,65.5,2,13,11,2,3,15,2,3,8.5,2,0.620581961268631,0.672674626616719,0.428571428571429,14,0.394437047807622,0.191202352946287,0.214285714285714,14,NA,0.5,40,34,38.8,34.1546,"2019.07.30",33,3.7225,0.135995,4,0.0176381029883793,0.366913188021363,9,46.6940904313988,10,"No issue/No issue/Roots/No issue/No issue/Roots/Roots/Open/Roots/Roots",72.0329381121263,12,"No issue/No issue/No issue/No issue/No issue/No issue/No issue/No issue/Open/No issue/No issue/No issue",156.251822482592,206.822590205756,124.608141904445,54.8765059958264,20,40,12,0,4,0.014,0.0233333333333333,0,0.986,0.976666666666667,1,300,200,0,1,100,0.642046016162426,0.606806299735642,0.650826559554153,14,0.735382278642326,-0.0367969373206046,0.333333333333333
"22",22,FALSE,11,"11C","11C","Merlot","Conventional","non-tilled","spontaneous vegetation",0,4,11,1,10,0,26.53802,0.486,26.05202,0,9,1,8,0,22,0,7.9373072806264,0.807134915283271,64.0961523857621,13.9473893864733,0.210082824910823,0.0829244240804414,9.23111577433319,0.829653478478732,0,6.00618031288675,19.9535696993601,67.0444970936958,59.6942402749062,22.1955763366929,0,9787.03475045022,1564.9568872724,7372.56693577515,5408.52902446201,203.665185036909,214.376632093762,2773.32020295087,2144.82428420139,0,2065.87506803672,15119.3964936441,4956.80641983312,6479.04947060961,1.30710157344166,0,1427.263074694,1402.92550944717,6288.8156714101,4814.60695499828,106.388264086457,116.068559895935,4080.30808602406,2866.35659544538,0,3436.39881785886,6288.8156714101,0.0452427160385151,279.500547908624,272.099591623056,66.2204728221995,328.770798104596,59.6942402749062,22.1955763366929,775561.486754994,10,12.5,2,4,1.5,4,17.6666666666667,5,3,4,2068.5,18784.25,41,96.875,8,3,13,1,3.66666666666667,8,8,4,8,7,1,7,5,13,72.5,2,9,18.5,2,2,14,2,3,9.5,2,0.596311563895985,0.491949959636365,0.357142857142857,14,0.494596486783098,0.633195559841537,0.285714285714286,14,"2020-03-11",0.9,54,54,42.8,32.872,"2019.07.30",33,4.2575,0.0857225,4,0.0156719949747009,0.344807455830051,12,44.8327877808903,12,"No issue/No issue/No issue/No issue/No issue/No issue/No issue/Roots/No issue/No issue/No issue/No issue",73.3551858825871,12,"No issue/No issue/No issue/No issue/No issue/No issue/No issue/No issue/Open/No issue/No issue/Open",112.038253593865,30.3963238243739,72.815003194074,39.9977259301156,19,42.2222222222222,11,0,4,0.008,0.0133333333333333,0,0.992,0.986666666666667,1,300,200,0,1,100,0.769912509183196,0.463422863196286,0.619090522733415,14,0.698227662592003,-0.206704345050025,0.333333333333333
"23",23,FALSE,12,"12B","12B","Merlot","Organic","non-tilled","spontaneous vegetation",0,5,11,0,11,1,17.3854,0,17.3575,0.0279,5,0,4,1,23,0,11.9284198973397,14.799635119467,47.7849242858517,11.2286581663968,0.0561573901702281,0.133844757574191,13.1535506404002,0,0,26.7842124069769,38.0128705733737,47.7849242858517,164.528430063185,14.3678158093569,0,5955.66608548423,22167.6514703031,5394.19701034067,3822.46802190113,140.192358654613,250.599416225567,2691.71845932624,0,0,9421.16997148065,5394.19701034067,5248.6226316524,7198.30908315667,1.37146630427314,0,6708.97008294436,22273.9043300452,5478.71862892507,3209.02466309951,147.32184042911,205.738988846505,3083.40031946736,0,0,13558.5024397046,5478.71862892507,0.0474122987610297,254.052521392046,560.42967074338,164.528430063185,228.820898160648,370.613201661993,14.3678158093569,748925.608346395,12,14.5,2,5,1.75,4,4.33333333333333,2,3,4,2114.5,22498.25,29,20,8,3,12.3333333333333,2,1.66666666666667,17,34,4,8,6,1.625,11,4,7,34,2,4,3.5,2,2,4,2,2,10,2,0.522282510697016,0.127395906079966,0.214285714285714,14,0.321392529956856,-0.106184871359157,0,14,NA,1.7,47,38,31.6,39.6061,"2019.07.30",33,1.28,0.12008,4,0.0138934310879761,0.345573108564897,10,44.8972557411643,12,"No issue/No issue/No issue/No issue/No issue/No issue/No issue/No issue/No issue/Roots/No issue/Roots",72.9343233767794,11,"No issue/No issue/No issue/No issue/No issue/No issue/No issue/No issue/No issue/No issue/No issue",148.669164974876,219.507928913449,57.4971730114765,57.223614026859,20,54.1176470588235,12,15,4,0.054,0.07,0.03,0.946,0.93,0.97,300,200,0,1,100,0.734332966005476,0.44376376372271,0.787693046283629,14,0.736956748141423,0.282289509078358,0.666666666666667
"24",24,FALSE,12,"12C","12C","Merlot","Conventional","intermediate","spontaneous vegetation",5,3,10,1,9,1,64.0434998,0.9715998,63.0569,0.015,12,1,10,1,24,0,12.1718510680307,19.6187720429304,45.0158347700901,10.0582161257196,0.0299388040118952,0.122623020012392,12.6875401275162,0.0238213656661449,0,31.820561914973,41.8787780406926,45.0158347700901,85.4726314418425,13.0526884521775,0,5488.55108989672,30078.1983825801,5341.25296312222,3352.30195259405,114.750465069432,234.996838368184,2907.63401273809,182.606679124059,0,11893.8333125154,5341.25296312222,5145.57689573693,9601.8108965829,1.86603195154618,0,6026.48424916425,30253.0513585543,5518.33860449317,3247.82310269329,139.490026502577,215.980366249187,2922.74795187679,0,0,17908.8440795904,5518.33860449317,0.0444251359310546,203.64160617565,488.463148698781,85.4726314418425,223.604276515622,417.674633381041,13.0526884521775,766566.794210212,9,6.5,2,4,1,4,8.33333333333333,2,3,4,2026.75,21908.25,34,97.25,8,3,17.6666666666667,3,2,6,9.5,4,8,12,4.875,8,5,4,18,2,2,1.5,2,1,3.5,2,2,1,2,0.483659584589572,-0.126044452325643,0.285714285714286,14,0.300400913233025,-0.230397727938835,0.0714285714285714,14,"2020-03-11",0.3,51,45,48,41.178,"2019.07.30",33,1.75,0.1571775,4,0.0206397421770859,0.34109383723805,12,44.5201010954438,12,"No issue/No issue/No issue/No issue/No issue/No issue/No issue/No issue/No issue/No issue/No issue/No issue",72.3968849396188,12,"No issue/No issue/No issue/No issue/No issue/No issue/No issue/Open/No issue/No issue/No issue/No issue",349.302900776755,236.422820555986,54.0533624763511,34.9986927429846,20,30,8,5,4,0.076,0.0533333333333333,0.11,0.924,0.946666666666667,0.89,300,200,0,1,100,0.802704868763775,0.54224412618456,0.592198112526883,14,0.737240557172568,0.0391267654170652,0.666666666666667
"25",25,FALSE,13,"13B","13B","M CS CF","Organic","intermediate","spontaneous vegetation",3,3,11,0,11,0,38.88688,0,38.88688,0,3,0,3,0,25,2.10075663684358,20.8016294285434,17.3661903623074,46.3042890593389,8.00681903284094,0.312671659557698,0.0586811343467064,4.72554539825616,0.131547281033805,0.191870006931373,38.4804914504085,46.4873104832494,48.5969157031139,96.6398339239503,82.1794198452853,8169.82611605059,17977.1942251844,19296.2795363457,9080.01868606396,5661.53755303231,303.99440910984,228.210472120903,2708.77815843732,511.586346193915,1492.36191001162,12525.8227235466,6247.40223737539,6330.48473007258,7295.32252499457,1.15241136122461,4192.77741384383,23365.8389372807,13028.0126831186,10098.76853204,6640.22167635876,216.929862107837,44.6568040212932,2513.00033926562,114.310936517046,0,15914.8380179321,7731.89848309457,0.035834233172866,101.167782564609,430.419485416845,96.6398339239503,261.534964972387,138.220113215541,82.1794198452853,777798.434408459,6,4,2,9,6.25,4,10,2,3,4,1993.25,27767.75,28,89.375,8,4,6,2,1.66666666666667,9,11,4,4,0,0,5,3,6,74,2,10,12,2,5,28.5,2,8,18.5,2,0.582197592751087,0.425236047800948,0.285714285714286,14,0.515024408624463,0.782203861659445,0.357142857142857,14,"2020-03-05",8.33,45,7,11.3,34.58,"2019.07.31",33,5.8975,0.1615225,4,0.0159753948921099,0.314572534144994,11,42.2870073750085,12,"No issue/No issue/No issue/No issue/No issue/No issue/Roots/No issue/No issue/No issue/Roots/No issue",71.4977954309891,11,"Open/No issue/No issue/No issue/No issue/No issue/No issue/No issue/No issue/No issue/No issue",194.656714234856,202.465614572521,21.5500268374337,54.669989442776,20,72.9411764705882,15,30,4,0.032,0.0366666666666667,0.025,0.968,0.963333333333333,0.975,300,200,0,1,100,0.454160822814399,0.547356565371748,0.937007416929783,14,0.746164472673014,0.306891969044272,0.666666666666667
"26",26,FALSE,13,"13C","13C","Merlot","Conventional","intermediate","spontaneous vegetation",5,3,12,0,12,1,40.19589,0,40.18164,0.01425,20,0,19,1,26,2.48466239902752,18.3423693209071,19.8682444459721,44.9776743775456,7.91097466360264,0.24140172208734,0.0587557178031914,5.79208900317832,0.131714477033336,0.192113872842829,38.4520154889665,46.3629901525692,47.6544506494159,33.1709848433709,15.4633226334388,9650.56679321732,17810.6953631363,19292.3413020687,8240.09963421042,6145.33301751001,312.539233219153,228.210472120903,2614.46693331605,511.586346193915,1492.36191001162,12471.8586328081,6461.00944581312,6420.04375377153,7294.96852070324,1.13628018756379,7917.73278755062,24916.153494789,23608.1801212091,9695.22343968386,7025.96687015069,227.069295423371,44.6568040212932,2843.25255438446,114.310936517046,0,20228.6241561891,8851.21037035188,0.0357821654149622,33.1709848433709,336.046916761184,88.545417384175,355.555321163728,224.74832096667,15.4633226334388,776811.110997976,3,2,2,4,3.75,4,12.3333333333333,1,3,4,2276.25,26635.25,32,94.75,8,4,4.66666666666667,1,0.333333333333333,16,9.25,4,8,1,0.75,7,5,5,51.5,2,10,7.5,2,3,23.5,2,2,3.5,2,0.464562370044787,-0.129267549181996,0.214285714285714,14,0.364336263803382,0.0667767820491717,0.142857142857143,14,"2020-03-05",0.5864,60,45,42.75,34.498,"2019.07.31",33,2.8175,0.1420575,4,0.022710807676425,0.329143423304339,12,43.5138762422253,12,"No issue/No issue/No issue/No issue/No issue/No issue/No issue/No issue/No issue/No issue/No issue/No issue",68.4508165349681,12,"No issue/No issue/No issue/No issue/No issue/No issue/No issue/No issue/No issue/No issue/No issue/No issue",177.566269052706,162.196693990857,65.9309580917212,39.7528837367447,20,58.9473684210526,13,0,4,0.006,0.00333333333333333,0.01,0.994,0.996666666666667,0.99,300,200,0,1,100,0.724631002471115,0.53906511979696,0.664707537512266,14,0.735492168512105,0.0669099918190342,1
"27",27,FALSE,14,"14B","14B","Merlot","Organic","intermediate","spontaneous vegetation",4,5,10,0,9,1,38.4589,0,38.431,0.0279,5,0,4,1,27,0.0599238413334331,8.72210295812796,10.9483890620276,58.3587684574193,13.2337088013611,0.342830590817814,0.246186366685733,7.52417015918839,0,0.563919763038666,20.0133226109734,33.2470314123345,58.9826120617914,94.9705735312608,18.3658279657507,230.790838534624,4140.12024072013,10541.663534923,5088.79306438926,3397.88936893483,203.135173861527,474.081406823068,2867.28127483153,0,4343.76408727746,4756.2597975562,3221.11599673378,3341.41864500009,3211.37560912138,0.961081489721948,318.601312189776,4370.72731735328,13045.1301523084,4360.60151850472,3715.97432650761,96.7187654689432,296.60306593964,1200.6427405816,0,0,7454.6584152053,3091.63002308772,0.0491375578994414,175.04352274541,559.651209213782,179.793856172393,221.569263564104,94.9705735312608,18.3658279657507,770280.520737776,8,5.5,2,5,3,4,10.3333333333333,3,3,4,2202.75,25350.25,44,89.25,8,7,37.3333333333333,3,1,11,15.25,4,8,6,2.25,6,4,8,18,2,7,8,2,4,8.5,2,3,3,2,0.63835249462494,0.74687713732173,0.357142857142857,14,0.353815265516268,0.0290323099904151,0.0714285714285714,14,NA,0.5247,60,50,34,36.208,"2019.07.31",33,1.7425,0.15262,4,0.0137985661828792,0.338370447464736,9,44.2907916765308,10,"No issue/No issue/No issue/No issue/No issue/No issue/Roots/No issue/Open/Open",72.2411198477507,12,"No issue/No issue/No issue/No issue/No issue/No issue/No issue/No issue/No issue/No issue/No issue/No issue",254.703861824399,443.555108805546,59.0636505051263,55.0003612909688,19,46.3157894736842,10,10,4,0.068,0.08,0.05,0.932,0.92,0.95,300,200,0.05,0.95,100,0.780331262939959,0.548860049265274,0.71433560412903,14,0.776392269183398,0.469682369507551,1
"28",28,FALSE,14,"14C","14C","Merlot","Conventional","intermediate","spontaneous vegetation",4,5,13,1,10,3,27.4359,1.44,25.89615,0.09975,20,1,16,3,28,0.134121236130551,11.5545249952957,13.1628371773715,50.9104104722914,11.6584076342638,0.424124729122449,0.16164772988427,11.1579724816353,0.24180016554408,0.594153378461008,25.1414869017896,36.7998945360534,51.638685086883,43.5681862549761,24.6178770013575,516.081988437101,5597.56206608837,8441.49589326212,4741.91001926481,2563.43519276614,217.597292187003,414.667029481769,3441.24669968835,930.417239197996,4572.45796175499,4963.55432940646,3276.81665648563,3159.84426439762,2776.91199294427,0.878812928925677,84.8613012273236,4133.66802890457,7059.88105182201,4336.2080793375,3421.65239841215,125.617872505865,496.446896418087,1925.1550472205,907.221470144548,0,5155.00168578602,3066.74925187549,0.0500613593527406,167.811700542828,347.556853030099,43.5681862549761,35.1989151386027,106.137334162913,24.6178770013575,769575.353353825,5,3,2,4,1.75,4,4.66666666666667,2,3,4,245.5,15364.75,32,74.625,8,4,15.3333333333333,2,0.666666666666667,10,10.75,4,8,3,0.625,6,3,5,16.5,2,3,4.5,2,1,1,2,1,0.5,2,0.358327760032556,-0.659215456011447,0,14,0.20522168865627,-0.729013033894797,0.0714285714285714,14,"2020-03-04",0.45,45,45,49,41.5836,"2019.07.31",33,5.63,0.2423175,4,0.0219545854444756,0.333039478140675,9,43.8419240594448,10,"No issue/No issue/No issue/No issue/No issue/No issue/No issue/No issue/Roots/No issue",67.6161688010994,12,"No issue/No issue/No issue/No issue/No issue/No issue/No issue/No issue/No issue/No issue/No issue/No issue",279.32797106824,276.533895320084,32.8604340952045,50.9316586586815,20,13.3333333333333,6,0,4,0.034,0.0366666666666667,0.03,0.966,0.963333333333333,0.97,300,200,0.07,0.93,100,0.807445401723102,0.674468975581446,0.549360365661093,14,0.786738567585716,0.301033074037894,0.666666666666667
"29",29,FALSE,16,"16B","16B","Merlot","Organic",NA,"spontaneous vegetation",NA,NA,NA,NA,NA,NA,NA,NA,NA,NA,NA,NA,NA,NA,29,0,1.7596233481799,0,73.7912155114961,11.13029108393,0.200293637728251,0.427284488249096,10.2010702069148,0,1.85416915025164,1.95991698590815,13.0902080698382,75.6453846617477,52.3674516735125,37.902966378986,0,3381.83503753784,0,5164.80419683411,1296.44853566425,128.315347062948,656.961345666111,2058.40233248491,0,7127.08683290519,1755.07519230039,6145.94551486965,2524.40062798003,2489.05861479001,0.985999839804232,0,2049.69618115322,0,3805.37113614455,1184.47097094266,63.2252073127003,613.514515559325,2571.03404999773,0,1547.15036388208,1729.82996327409,2904.69651876599,0.057449468908731,534.352362299562,2083.35762532161,52.3674516735125,88.1517053048339,167.133812014088,37.902966378986,768763.392696718,11,13,2,5,3.25,4,4.33333333333333,2,3,4,2211.5,26107.25,38,70.625,8,3,11.3333333333333,2,2,17,64.25,4,4,1,0.5,28,6,9,48,2,12,17,2,1,8,2,6,6,2,0.593147855372908,0.488772031105989,0.428571428571429,14,0.487135681293689,0.642691061443235,0.214285714285714,14,NA,0.9238,NA,40.3527777777778,NA,39.7014,"2019.08.02",33,1.86,0.134225,4,0.0158663455140242,0.372456546024574,12,47.1608411752691,12,"No issue/No issue/Roots/No issue/No issue/No issue/Roots/Roots/Roots/Roots/Roots/Roots",73.9916355747141,12,"No issue/No issue/No issue/No issue/No issue/No issue/No issue/No issue/No issue/No issue/No issue/No issue",206.67483531492,135.758748506548,66.0487248311354,47.8046735436934,20,50.5263157894737,14,10,4,0.13,0.203333333333333,0.02,0.87,0.796666666666667,0.98,300,200,0.02,0.98,100,0.752252359803201,0.478846293778751,0.700605249158608,14,0.728706179166935,0.106586245719011,0.666666666666667
"30",30,FALSE,16,"16C","16C","Merlot","Conventional","intermediate","spontaneous vegetation",3,3,14,3,9,2,29.5816,1.47,28.0771,0.0345,17,2,13,2,30,0,2.03478343635906,0.00207368287120171,72.6856917823083,9.90073236399476,0.257229800519271,0.510958721966079,10.3434235808956,0,3.35454125624545,2.29408691974953,12.1948192837443,76.0402330385538,102.413018435416,25.5577933082316,0,3137.95490211485,15.989719630219,5204.01565714851,1363.25720664705,165.286941410702,492.486509166542,2344.21801311599,0,4311.02355140446,1106.41052105192,4757.51960427649,1996.06592889207,1875.28919013893,0.939492610436882,0,1856.96753567348,0,4327.8387841843,1139.33020544814,77.9330481611709,404.968866675054,2777.68125789488,0,3866.87863841914,1567.87676310409,4103.83594616988,0.0546372402709983,495.528093797586,2098.84237172168,152.99341147338,77.9306297797585,102.413018435416,25.5577933082316,771078.348202438,7,6,2,1,0.25,4,2.66666666666667,1,3,4,2215.5,26008.75,29,64.375,8,3,21,2,2,12,25.6666666666667,3,4,2,1.25,12,6,4,17.5,2,6,3,2,1,3.5,2,0,0,2,0.386915740730663,-0.549832033872112,0.0714285714285714,14,0.261524506491585,-0.393165726405944,0,14,NA,0.66,40,30,29,39.586,"2019.07.31",33,2.7775,0.158595,4,0.0171976885566884,0.322106302053926,12,42.9213506329405,12,"No issue/No issue/No issue/No issue/No issue/No issue/No issue/No issue/No issue/No issue/No issue/No issue",72.9714409795989,12,"No issue/No issue/No issue/No issue/No issue/No issue/No issue/No issue/No issue/No issue/No issue/No issue",189.519757654201,165.30192154052,78.4853795816449,45.5907009824605,19,42,12,20,4,0.042,0.0666666666666667,0.005,0.958,0.933333333333333,0.995,300,200,0.01,0.99,100,0.676955186001469,0.525444385544877,0.757685732608957,14,0.746170595344976,0.238858702142387,0.666666666666667
"31",31,FALSE,17,"17B","17B","Merlot","Organic","tilled","spontaneous vegetation",1,3,10,0,10,0,29.0394375,0,29.0394375,0,3,0,3,0,31,0,1.15293192584612,3.72177203193564,67.6774102436821,6.38274487351037,0.305782875894438,1.08232609747521,13.0510566274897,0,0.503263442136992,5.1804868336762,11.5632317071866,68.1806736858191,68.5570701160927,53.4267208398133,0,2215.60629459145,7152.18423233391,4885.60756469834,672.099452458702,180.80845069116,346.653672058277,2323.55971848088,0,3868.51513169147,3182.86632587217,4377.0613481949,2678.31519602861,2487.53215785844,0.928767518306636,0,2934.07638527942,10757.4977580119,4410.63592957577,600.301950966025,75.870322762396,199.085934447457,2709.20403164879,0,0,6448.21205699145,4410.63592957577,0.053882586744757,68.5570701160927,6497.3918920975,154.65150948804,22.2569719943384,153.651590245582,53.4267208398133,768685.902410219,8,7,2,2,1,4,0,0,3,4,1839,29045.5,37,73.125,8,4,17,3,1.33333333333333,17,79.25,4,8,2,2,16,7,7,18.5,2,4,11,2,3,7,2,2,1.5,2,0.493135668697754,0.0209900319136865,0.214285714285714,14,0.372587754506,0.116726652582804,0.142857142857143,14,"2019-12-16",1.98,22,17,23.4,35.224,"2019.07.31",31,3.7625,0.1719325,4,0.0152840429732192,0.35232760359454,12,45.4659842226603,12,"No issue/Roots/No issue/No issue/No issue/No issue/Roots/Roots/No issue/Roots/No issue/Roots",73.9841129982158,12,"No issue/No issue/No issue/No issue/No issue/No issue/No issue/No issue/No issue/No issue/No issue/No issue",190.00121457683,208.331015570558,64.8344886789057,76.24429839573,20,60,14,0,4,0.008,0.0133333333333333,0,0.992,0.986666666666667,1,300,200,0,1,100,0.533116275963401,0.554297184561974,0.762916129032258,14,0.713866470537874,-0.106097161496361,0.666666666666667
"32",32,FALSE,17,"17C","17C","Cabernet Franc","Conventional","non-tilled","spontaneous vegetation",0,5,12,0,10,2,16.573935,0,16.491435,0.0825,18,0,16,2,32,0,1.11782053308912,3.70421238015112,67.498120812181,6.38777736366625,0.313233354938862,1.0386835969939,13.2470329322168,0,0.503657867869568,5.1352662681791,11.5230436318454,68.0017786800506,85.4205566909286,50.9225312678172,0,2146.4499626811,7112.86498125573,4873.39441242975,732.290914060775,185.068850325393,319.118470560751,2388.32680439048,0,3868.51513169147,3148.12793142074,4370.95477206061,2682.12953280924,2471.27802729058,0.921386531508116,0,2987.6060791855,10786.0077658196,4495.00302903932,602.367338044245,89.4404844266081,217.514384670919,3312.36808521934,0,0,6472.5551916391,4495.00302903932,0.0538702944500729,85.4205566909286,6503.24147950191,184.660471174221,18.9461440141197,183.660528363919,50.9225312678172,768083.927300685,6,7,2,1,0.25,4,0.333333333333333,1,3,4,1241.75,27463.75,30,59.375,8,6,24,2,2.33333333333333,11,23.5,4,8,5,2.625,22,4,4,12.5,2,5,7,2,1,0.5,2,2,1,2,0.403612590317948,-0.445927922598302,0.0714285714285714,14,0.302805871176027,-0.189968028340186,0,14,"2019-12-16",0.67,45,47,35,35.774,"2019.07.31",33,5.4375,0.170345,4,0.0165889772660513,0.305955428159664,10,41.5614470510437,11,"No issue/No issue/No issue/No issue/No issue/No issue/No issue/No issue/No issue/No issue/No issue",70.2271451782642,12,"No issue/No issue/No issue/No issue/No issue/No issue/No issue/No issue/No issue/No issue/No issue/No issue",221.779777144708,227.040810832868,56.1822302905727,67.0645007605911,20,62,17,5,4,0.004,0.00666666666666667,0,0.996,0.993333333333333,1,300,200,0,1,100,0.753830227743271,0.58674001035103,0.778453375019616,14,0.808461322388956,0.757022459912361,1
"33",33,FALSE,18,"18B","18B","Merlot","Organic","intermediate","spontaneous vegetation",3,2,15,0,15,0,44.1326,0,44.1326,0,4,0,4,0,33,0,14.0325136025756,29.351676159063,42.662752926616,7.28114209543608,0.0454173263003159,0.521116184314729,6.10538170569422,0,0,43.429607087939,50.710749183375,42.662752926616,46.3229795589886,15.4700592240869,0,6631.92848645084,17552.0785133844,5132.87236160643,4043.06263084848,88.2674480498536,368.282323260474,2989.09160404517,0,0,7726.05073358398,5132.87236160643,5188.15704691173,5744.0942062752,1.10715503681493,0,7565.38566436693,22847.7444895316,5495.00649885646,7743.60523537064,27.7945752227166,272.377731245612,3296.27315848505,0,0,13195.9078218239,5495.00649885646,0.0516455738655799,46.9911941219808,510.313135908876,46.3229795589886,19.5684891401594,207.380333496165,15.4700592240869,777390.08647226,12,9.5,2,6,1.75,4,7.66666666666667,2,3,4,1984,22804,29,51.25,8,3,11,2,0.666666666666667,18,22.75,4,8,5,3.5,5,4,7,34,2,4,8,2,2,21,2,2,1.5,2,0.524617951019329,0.146954430258735,0.142857142857143,14,0.336862083611339,-0.0648892406859948,0.0714285714285714,14,"2020-03-06",2,55,60,32,38.502,"2019.07.30",33,0.97475,0.109515,4,0.0111990589079943,0.328434736490103,7,43.4542048124666,12,"No issue/No issue/No issue/No issue/No issue/No issue/No issue/No issue/Roots/No issue/Roots/Roots",71.1815448051064,10,"No issue/No issue/No issue/No issue/No issue/No issue/No issue/Open/No issue/No issue",316.718273287983,114.144658997972,10.4726761236573,57.8734061900691,20,32.2222222222222,11,10,4,0.23,0.273333333333333,0.165,0.77,0.726666666666667,0.835,300,200,0,1,100,0.878571428571429,0.349817300038327,0.660828370997746,14,0.695031668431556,-0.0547727117087248,0.666666666666667
"34",34,FALSE,18,"18C","18C","Merlot","Conventional","intermediate","spontaneous vegetation",4,3,12,2,9,1,35.89911946,2.62331946,33.2383,0.0375,17,1,15,1,34,0,10.6077199496738,27.3071959851645,48.2288362130014,8.29175665253137,0.0324845452131435,0.448046783911003,5.02509016354347,0.0588697069612275,0,37.9474004800515,46.2391571325828,48.2288362130014,113.790914659086,40.0396157718292,0,3321.06234114631,15135.9691868681,5411.35220110949,5361.99574684361,63.0199367529131,434.604822064633,2254.52723726956,456.828339139931,0,5460.27845147841,5411.35220110949,3819.63745361145,4764.4351259728,1.24735270921277,0,4218.20574262591,22084.5680309602,5207.23005284185,9295.91544298333,27.5092422105519,259.527513689406,2990.83498315739,0,0,14047.5805747597,5207.23005284185,0.0565040521579177,131.142061237697,416.96346325154,113.790914659086,80.9193014003038,163.246692276127,40.0396157718292,775999.003087964,7,5,2,3,1,4,28,2,3,4,1781.5,19892.5,36,88.125,8,3,32,2,1,17,10.75,4,8,8,1.875,16,8,3,16.5,2,6,6.5,2,2,7,2,2,2,2,0.510441787081951,0.0401362788299033,0.214285714285714,14,0.340917523017663,-0.0638113091355479,0.0714285714285714,14,"2020-03-06",0.3,56,35,45.4,35.8551,"2019.07.30",33,1.2125,0.12882,4,0.0140804156684467,0.302148914268703,9,41.2409385814248,9,"No issue/No issue/No issue/No issue/No issue/No issue/No issue/No issue/No issue",72.027975215854,12,"No issue/No issue/No issue/No issue/No issue/No issue/No issue/No issue/No issue/No issue/No issue/No issue",325.675889260693,194.917379422677,35.3304810172372,48.2698204874835,20,33.3333333333333,11,0,4,0.006,0.00666666666666667,0.005,0.994,0.993333333333333,0.995,300,200,0.05,0.95,100,0.66906381486676,0.424856242399223,0.606816682616155,14,0.64182380538334,-0.696053113945964,0
"35",35,FALSE,20,"20B","20B","Merlot","Organic","intermediate","spontaneous vegetation",6,2,13,0,13,0,41.57365,0,41.57365,0,3,0,3,0,35,1.56684404455908,4.24244834194142,4.67696973668492,57.1501864258322,8.33091861358254,0.824563505693187,0.804816205324493,17.6145603633028,0.209272924282107,3.54677754214211,9.74398158431952,18.0749001979021,62.2638080125334,33.6872972820644,30.5714586103052,2028.04312712854,2767.91077613122,7264.35769778826,5035.7380810865,3594.37224477093,291.074455700071,480.790663581521,6430.44227262505,812.61664284626,11320.8065367494,3272.81342643769,6128.19591498814,3933.57886823153,4683.7191199007,1.19070171891746,3668.83025108102,4252.73236549127,11507.5632270457,5149.28961675766,5632.31377417988,246.333536307104,299.449530847003,10638.8770549859,10.2776604581547,4001.74399580667,7797.07548402405,4320.08695809356,0.0508581318677194,197.329006843182,222.112904987432,173.485074812168,86.9712783240146,33.6872972820644,30.5714586103052,776609.440168979,14,10.5,2,1,0.25,4,9.66666666666667,2,3,4,2599,30038.5,36,71.25,8,5,28.3333333333333,4,1.66666666666667,15,21.25,4,8,4,1.375,9,6,5,39,2,6,5.5,2,2,11,2,2,1.5,2,0.573627109183661,0.383479809659549,0.428571428571429,14,0.346044408298293,0.0305370343514505,0.142857142857143,14,"2020-03-10",2.38,60,40,44,36.064,"2019.07.30",36,1.9225,0.1564775,4,0.0133252861043149,0.253719612385111,11,37.1631913628263,11,"No issue/No issue/No issue/No issue/No issue/No issue/Open/No issue/Open/Roots/Roots",72.6719096559322,12,"No issue/No issue/No issue/No issue/No issue/No issue/No issue/Open/No issue/No issue/Open/No issue",284.93621582056,198.513846721209,16.2682708326464,65.0693622024662,19,21.1764705882353,8,10,4,0.012,0.0166666666666667,0.005,0.988,0.983333333333333,0.995,300,200,0.02,0.98,100,0.707219662058372,0.414604466699832,0.689017682826789,14,0.678888059795969,-0.283710529024085,0.666666666666667
"36",36,FALSE,20,"20C","20C","Merlot","Conventional","intermediate","spontaneous vegetation",4,1,11,1,9,1,26.72175197,1.029174965,25.679657,0.01292,16,1,14,1,36,1.56097040240157,2.12978175311645,4.18113861117347,57.8679806801703,9.00752823444196,0.948268308113049,0.824224540193551,18.4358757695544,0.105176488645571,3.33895549776998,7.25918867240297,16.2667169068449,62.7679065803419,26.6122679448022,23.8988943447889,2028.04312712854,2047.13211253676,8148.324988337,5220.01838498077,4130.38446736601,369.602592461149,535.424282029465,9070.72859580536,819.884046250954,10941.7081837321,3153.04795146792,6063.25656528048,4007.40052363001,4721.25883517352,1.17813500480778,3668.83025108102,2722.14761183323,11504.0924396001,5658.53570639066,5659.13252952537,220.862472961344,283.952305181494,13209.9914005434,0,5073.99606042723,7569.88376418437,4872.53451408937,0.047369123879339,217.019165810413,85.5422226614599,226.408557453912,67.6835548225945,26.6122679448022,23.8988943447889,779531.677477692,6,7.5,2,1,0.25,4,6.33333333333333,3,3,4,2449.25,25325.75,30,89.625,8,5,17.6666666666667,2,2,12,57.25,4,8,4,1.625,12,6,8,58.5,2,3,2.5,2,1,8.5,2,3,3.5,2,0.482298899392552,-0.0893004372319304,0.142857142857143,14,0.375235500669034,0.118309249877805,0.142857142857143,14,"2020-03-10",1.3,60,30,36.4,37.895,"2019.07.30",33,1.38,0.1224675,4,0.0146222642137342,0.242986396801358,10,36.2594546106744,11,"No issue/Roots/Roots/No issue/Roots/No issue/No issue/No issue/No issue/No issue/No issue",69.2949785621388,12,"No issue/No issue/No issue/No issue/No issue/No issue/No issue/No issue/No issue/No issue/No issue/No issue",300.742680708374,198.149243227717,26.4744547732357,62.793499447316,20,31.5789473684211,10,5,4,0.006,0.00666666666666667,0.005,0.994,0.993333333333333,0.995,300,200,0.01,0.99,100,0.657191277633073,0.397710206193098,0.681437347216332,14,0.651445761333055,-0.525303383250323,0.333333333333333
"37",37,FALSE,21,"21B","21B","Merlot","Organic","tilled","spontaneous vegetation",2,2,9,0,9,0,23.58468,0,23.58468,0,3,0,3,0,37,0,5.62356330536178,1.46663917886405,59.8954151704753,5.37681880004886,0.1492804727338,0.0290787313090397,27.3607914625339,0.0886736681047393,0,7.23948295695963,12.6163017570085,59.8954151704753,77.3679456545577,24.4944416916891,0,5287.8821587098,3677.58055456196,6014.13338292067,1498.03445935929,224.591421644762,218.743734017015,6130.61413207304,667.04455101816,0,3063.35137830551,6014.13338292067,2020.59231626321,2344.62968209682,1.16036751363722,0,6189.48143605095,6259.56277282864,5760.27178333277,3436.06496642224,64.0613964662461,0,9208.46893453974,0,0,5455.95860413771,5760.27178333277,0.0494386956497026,221.027266261944,480.172483176229,77.3679456545577,331.213564160953,294.267483281723,24.4944416916891,752246.484526006,7,17,2,1,0.25,4,1.66666666666667,1,3,4,2894.75,42389,25,14.0625,8,4,9.33333333333333,2,4.33333333333333,10,8.75,4,8,8,4.625,8,5,4,17.5,2,5,5.5,2,2,3,2,1,1,2,0.44746698263779,-0.286113981721299,0.0714285714285714,14,0.330704831486097,0.0711989040462027,0.214285714285714,14,"2020-04-24",1,43,36,35.2,38.7451,"2019.07.30",33,0.76525,0.0755975,4,0.0105527757158721,0.223975573145594,12,34.658743258859,12,"No issue/No issue/No issue/No issue/No issue/No issue/No issue/No issue/No issue/No issue/No issue/No issue",73.9669631133866,12,"No issue/No issue/No issue/No issue/No issue/No issue/No issue/No issue/No issue/No issue/No issue/No issue",141.062843368924,76.3456019901078,7.3990938230129,64.9283384425984,20,39,13,5,4,0.086,0.143333333333333,0,0.914,0.856666666666667,1,300,200,0,1,100,0.709984138115274,0.251151974217911,0.693385391187582,14,0.603290446741219,-0.77135398659875,0.666666666666667
"38",38,FALSE,21,"21C","21C","Merlot","Conventional","intermediate","spontaneous vegetation",8,0,7,0,7,1,18.4228,0,18.3928,0.03,12,0,11,1,38,0,6.10187260369916,1.94711376586357,65.7277301471081,5.76035869417114,0.116752073457141,0.0571673840262986,20.2890053316746,0,0,8.16573844301987,13.926097137191,65.7277301471081,49.9421370946747,22.5132222469056,0,4222.21474616656,4940.14776965355,6218.00832491969,1623.8863476528,222.164405107033,217.564579157392,4387.65900967595,0,0,3128.17564030905,6218.00832491969,2563.95918744676,2512.17097848551,0.979801469065962,0,5309.3553264657,5235.30481618032,4978.25057190371,3360.6138237979,49.3380453086835,33.1323870673691,6328.79296125141,0,0,4722.10856050133,4978.25057190371,0.0529589211670262,49.9421370946747,558.801394512232,98.4661270942619,408.367989267984,353.253310159606,22.5132222469056,761149.326186784,8,10,2,1,0.25,4,3,4,3,4,2874,32268,18,16.75,8,5,9.66666666666667,1,2.33333333333333,8,3,4,2,4,9,20,6,6,13,2,3,2.5,2,1,5,2,1,1,2,0.437646940465098,-0.340854931876889,0.214285714285714,14,0.302791488252305,-0.131297507254037,0.142857142857143,14,"2020-03-02",0.67,50,54,50.8,38.2826,"2019.07.30",36,0.92525,0.095455,4,0.0123166973871752,0.263128643956131,10,37.9554318211062,10,"No issue/No issue/No issue/No issue/No issue/No issue/No issue/No issue/No issue/No issue",70.9148466117673,12,"No issue/No issue/No issue/No issue/No issue/No issue/No issue/No issue/No issue/No issue/No issue/No issue",200.114441822081,71.9828746594947,11.2808602772203,56.5575119123437,20,54.7368421052632,12,10,4,0.008,0.0133333333333333,0,0.992,0.986666666666667,1,300,200,0.01,0.99,100,0.833150003339344,0.300515560141623,0.76151022207893,14,0.692159087628664,0.0425300480620198,0.666666666666667
